{
  "n_runs": 100,
  "n_total": 30,
  "n_seed": 1,
  "kappa": 2.0,
  "cum_mean": [
    0.20376661767681126,
    0.2699603557622153,
    0.3052708983788542,
    0.31663743344426926,
    0.33097179801245274,
    0.3414386752843238,
    0.35247340092819895,
    0.36137839028611224,
    0.36918864048946815,
    0.377142148715191,
    0.3852684097420124,
    0.3911692198329206,
    0.395140389269015,
    0.40376866331077105,
    0.40689264273922554,
    0.40970070794235897,
    0.4124312091496137,
    0.4156234678574255,
    0.4161775597649314,
    0.417501868599728,
    0.41876776745495703,
    0.4198409887354627,
    0.42099323625524987,
    0.4215946676958087,
    0.4219843372516063,
    0.4226181380676705,
    0.42308438897787065,
    0.42348634684041675,
    0.42368577303402055,
    0.42398944565772034
  ],
  "cum_ci95_lo": [
    0.18737584085329573,
    0.25574545082895345,
    0.2934544014278184,
    0.3057281031428488,
    0.3209056316195092,
    0.332246891574047,
    0.34406701671584755,
    0.35397893133916125,
    0.3622110101031156,
    0.3704601408112298,
    0.3792026655590835,
    0.3855477960869275,
    0.3900705338231445,
    0.4003853082862774,
    0.40378748394085445,
    0.4067992763422742,
    0.4098578563193876,
    0.41339925479507345,
    0.4139776269548466,
    0.41543583238320536,
    0.41692366740413855,
    0.4180641534407281,
    0.41931932409633055,
    0.4200082945513797,
    0.420396751221047,
    0.42110199508735596,
    0.4216391406224563,
    0.4220575984864027,
    0.42227927137498117,
    0.4226631081650787
  ],
  "cum_ci95_hi": [
    0.2201573945003268,
    0.2841752606954771,
    0.31708739532988994,
    0.3275467637456897,
    0.3410379644053963,
    0.3506304589946006,
    0.36087978514055036,
    0.3687778492330632,
    0.37616627087582066,
    0.38382415661915215,
    0.39133415392494125,
    0.39679064357891364,
    0.40021024471488553,
    0.4071520183352647,
    0.40999780153759663,
    0.41260213954244374,
    0.41500456197983976,
    0.41784768091977753,
    0.4183774925750163,
    0.4195679048162506,
    0.4206118675057755,
    0.4216178240301973,
    0.4226671484141692,
    0.4231810408402377,
    0.42357192328216553,
    0.42413428104798506,
    0.424529637333285,
    0.4249150951944308,
    0.42509227469305993,
    0.425315783150362
  ],
  "step_mean": [
    0.20376661767681126,
    0.21969636619006253,
    0.24363530677133952,
    0.248850604887033,
    0.2753532503607046,
    0.28739380126234537,
    0.3160838410664576,
    0.3118365448632571,
    0.328702916713354,
    0.3409527130893199,
    0.35152690843783935,
    0.3671138013799159,
    0.36835906346603153,
    0.3778380292115335,
    0.37832294430101526,
    0.38298864622108064,
    0.3879421098879102,
    0.3964231776331229,
    0.39539409043790413,
    0.3965531607759339,
    0.39963882823529207,
    0.4011393159550595,
    0.3997592944311383,
    0.39855622666415585,
    0.39761949061173035,
    0.39828990629762323,
    0.39906423729964735,
    0.3983909618753414,
    0.3949909783972809,
    0.39803538672290734
  ],
  "step_ci95_lo": [
    0.18737584085329573,
    0.20258503620747392,
    0.22594510816960459,
    0.23134458379353623,
    0.25892892995548433,
    0.2726559898287748,
    0.30270462790026575,
    0.2983459314056087,
    0.31596050284779326,
    0.3304876567210477,
    0.34209122232159556,
    0.3599144214769121,
    0.3619702147869657,
    0.37079394214568495,
    0.371451427622866,
    0.3772354200590939,
    0.38213778064892895,
    0.39187192418895417,
    0.3925830336671793,
    0.39371632345004415,
    0.39700748894839816,
    0.398285463489421,
    0.3969194781669138,
    0.3958093350123793,
    0.39479724239495023,
    0.3957455703636862,
    0.39634644406595654,
    0.39543215330322223,
    0.39196646182267353,
    0.39550939106113386
  ],
  "step_ci95_hi": [
    0.2201573945003268,
    0.23680769617265113,
    0.2613255053730744,
    0.2663566259805298,
    0.2917775707659249,
    0.30213161269591593,
    0.32946305423264943,
    0.32532715832090553,
    0.34144533057891474,
    0.3514177694575921,
    0.36096259455408314,
    0.3743131812829197,
    0.37474791214509734,
    0.384882116277382,
    0.38519446097916454,
    0.3887418723830674,
    0.3937464391268915,
    0.40097443107729164,
    0.398205147208629,
    0.39938999810182363,
    0.402270167522186,
    0.40399316842069793,
    0.40259911069536275,
    0.4013031183159324,
    0.4004417388285105,
    0.4008342422315603,
    0.40178203053333816,
    0.40134977044746056,
    0.3980154949718883,
    0.4005613823846808
  ]
}